{"cameraMode":{"drawMode":0,"name":"Shaded","section":"Shading Mode"},"sceneLighting":false,"audioPlay":false,"sceneViewState":{"m_AlwaysRefresh":false,"showFog":true,"showSkybox":false,"showFlares":true,"showImageEffects":true,"showParticleSystems":true,"showVisualEffectGraphs":true,"m_FxEnabled":true},"in2DMode":false,"pivot":{"x":0.01036958396434784,"y":0.16309386491775514,"z":0.01036958396434784},"rotation":{"x":0.5257988572120667,"y":-0.152573823928833,"z":0.09649748355150223,"w":0.8312488198280335},"size":0.40561169385910036,"orthographic":false}