{"cameraMode":{"drawMode":0,"name":"Shaded","section":"Shading Mode"},"sceneLighting":true,"audioPlay":false,"sceneViewState":{"m_AlwaysRefresh":false,"showFog":true,"showSkybox":false,"showFlares":true,"showImageEffects":true,"showParticleSystems":true,"showVisualEffectGraphs":true,"m_FxEnabled":true},"in2DMode":false,"pivot":{"x":-3.4610352516174318,"y":6.056266784667969,"z":-10.452285766601563},"rotation":{"x":0.017192097380757333,"y":0.9441362023353577,"z":-0.32530009746551516,"w":0.04989776015281677},"size":12.722312927246094,"orthographic":false}