{"cameraMode":{"drawMode":0,"name":"Shaded","section":"Shading Mode"},"sceneLighting":false,"audioPlay":false,"sceneViewState":{"m_AlwaysRefresh":false,"showFog":true,"showSkybox":false,"showFlares":true,"showImageEffects":true,"showParticleSystems":true,"showVisualEffectGraphs":true,"m_FxEnabled":true},"in2DMode":false,"pivot":{"x":-1.6449605226516724,"y":0.07596495002508164,"z":-1.9795204401016236},"rotation":{"x":-0.13524127006530763,"y":-0.12833288311958314,"z":0.017639100551605226,"w":-0.9823296070098877},"size":0.24975523352622987,"orthographic":false}