{"cameraMode":{"drawMode":0,"name":"Shaded","section":"Shading Mode"},"sceneLighting":false,"audioPlay":false,"sceneViewState":{"m_AlwaysRefresh":false,"showFog":true,"showSkybox":false,"showFlares":true,"showImageEffects":true,"showParticleSystems":true,"showVisualEffectGraphs":true,"m_FxEnabled":true},"in2DMode":false,"pivot":{"x":-0.46399998664855959,"y":-0.09643972665071488,"z":-4.735017776489258},"rotation":{"x":0.47057151794433596,"y":-0.37083566188812258,"z":0.22734105587005616,"w":0.7677240967750549},"size":0.20389118790626527,"orthographic":true}