{"cameraMode":{"drawMode":0,"name":"Shaded","section":"Shading Mode"},"sceneLighting":false,"audioPlay":false,"sceneViewState":{"m_AlwaysRefresh":false,"showFog":true,"showSkybox":false,"showFlares":true,"showImageEffects":true,"showParticleSystems":true,"showVisualEffectGraphs":true,"m_FxEnabled":true},"in2DMode":false,"pivot":{"x":-0.7139999866485596,"y":0.12700000405311585,"z":1.4259999990463257},"rotation":{"x":0.5257988572120667,"y":-0.152573823928833,"z":0.09649748355150223,"w":0.8312488198280335},"size":0.24975530803203584,"orthographic":false}