{"cameraMode":{"drawMode":0,"name":"Shaded","section":"Shading Mode"},"sceneLighting":false,"audioPlay":false,"sceneViewState":{"m_AlwaysRefresh":false,"showFog":true,"showSkybox":false,"showFlares":true,"showImageEffects":true,"showParticleSystems":true,"showVisualEffectGraphs":true,"m_FxEnabled":true},"in2DMode":false,"pivot":{"x":2.3937129974365236,"y":0.6227057576179504,"z":-4.3254852294921879},"rotation":{"x":0.15557129681110383,"y":-0.7000795602798462,"z":0.16243350505828858,"w":0.677998960018158},"size":0.6690847873687744,"orthographic":false}